<?xml version="1.0" encoding="UTF-8"?>
<project-private xmlns="http://www.netbeans.org/ns/project-private/1">
    <editor-bookmarks xmlns="http://www.netbeans.org/ns/editor-bookmarks/2" lastBookmarkId="0"/>
    <open-files xmlns="http://www.netbeans.org/ns/projectui-open-files/2">
        <group>
            <file>file:/C:/Users/Kamran%20Computers/Desktop/Se_project/Java-Calendar-app/EnhancedCalendarApp/src/CalendarAppGUI.java</file>
            <file>file:/C:/Users/Kamran%20Computers/Desktop/Se_project/Java-Calendar-app/EnhancedCalendarApp/src/AddEventDialog.java</file>
            <file>file:/C:/Users/Kamran%20Computers/Desktop/Se_project/Java-Calendar-app/EnhancedCalendarApp/src/CalendarPanel.java</file>
            <file>file:/C:/Users/Kamran%20Computers/Desktop/Se_project/Java-Calendar-app/EnhancedCalendarApp/src/DateHelper.java</file>
            <file>file:/C:/Users/Kamran%20Computers/Desktop/Se_project/Java-Calendar-app/EnhancedCalendarApp/src/EventStorage.java</file>
        </group>
    </open-files>
</project-private>
